Date;Open;High;Low;Close;Adj Close;Volume
2/1/2019;18.010.000;19.000.000;17.980.000;18.830.000;18.830.000;87148700
3/1/2019;18.420.000;18.680.000;16.940.001;17.049.999;17.049.999;117277600
4/1/2019;17.549.999;19.070.000;17.430.000;19.000.000;19.000.000;111878600
7/1/2019;19.440.001;20.680.000;19.000.000;20.570.000;20.570.000;107157000
8/1/2019;21.190.001;21.200.001;19.680.000;20.750.000;20.750.000;121271000
9/1/2019;20.889.999;21.440.001;20.070.000;20.190.001;20.190.001;163944100
10/1/2019;19.760.000;19.830.000;18.900.000;19.740.000;19.740.000;115629400
11/1/2019;19.469.999;20.350.000;19.190.001;20.270.000;20.270.000;85110800
14/1/2019;19.959.999;20.620.001;19.750.000;20.230.000;20.230.000;71350200
15/1/2019;20.440.001;20.680.000;20.260.000;20.379.999;20.379.999;62785800
16/1/2019;20.400.000;20.540.001;19.709.999;19.730.000;19.730.000;70849300
17/1/2019;19.490.000;20.510.000;19.020.000;20.250.000;20.250.000;85018400
18/1/2019;20.370.001;21.049.999;20.020.000;20.770.000;20.770.000;88131000
22/1/2019;20.480.000;20.920.000;19.700.001;19.760.000;19.760.000;78513700
23/1/2019;20.030.001;20.480.000;19.549.999;19.799.999;19.799.999;77811300
24/1/2019;20.059.999;21.010.000;20.040.001;20.850.000;20.850.000;97433400
25/1/2019;20.990.000;22.030.001;20.790.001;21.930.000;21.930.000;110239500
28/1/2019;20.320.000;21.010.000;20.020.000;20.180.000;20.180.000;135164100
29/1/2019;20.260.000;20.389.999;19.049.999;19.250.000;19.250.000;131202500
30/1/2019;21.490.000;23.129.999;21.370.001;23.090.000;23.090.000;211421200
31/1/2019;23.020.000;25.139.999;22.830.000;24.410.000;24.410.000;182575600
1/2/2019;24.610.001;24.840.000;24.070.000;24.510.000;24.510.000;105356200
4/2/2019;24.430.000;24.660.000;24.070.000;24.129.999;24.129.999;70843800
5/2/2019;23.420.000;23.860.001;22.980.000;23.309.999;23.309.999;122226000
6/2/2019;23.629.999;24.139.999;23.219.999;23.260.000;23.260.000;78684300
7/2/2019;22.990.000;23.219.999;22.320.000;22.670.000;22.670.000;86723900
8/2/2019;22.330.000;23.280.001;22.270.000;23.049.999;23.049.999;78129300
11/2/2019;23.049.999;23.280.001;22.660.000;22.959.999;22.959.999;60578700
12/2/2019;23.430.000;23.559.999;22.750.000;22.820.000;22.820.000;67595400
13/2/2019;22.980.000;23.240.000;22.709.999;22.850.000;22.850.000;57544200
14/2/2019;22.740.000;23.370.001;22.590.000;23.129.999;23.129.999;64441200
15/2/2019;23.580.000;24.049.999;23.200.001;23.680.000;23.680.000;78644100
19/2/2019;23.629.999;24.410.000;23.610.001;23.950.001;23.950.001;57517900
20/2/2019;24.139.999;24.370.001;23.900.000;23.950.001;23.950.001;57091600
21/2/2019;24.040.001;24.330.000;23.850.000;23.920.000;23.920.000;49608200
22/2/2019;24.049.999;24.360.001;23.879.999;24.360.001;24.360.001;52650700
25/2/2019;25.010.000;25.520.000;24.680.000;24.709.999;24.709.999;63221000
26/2/2019;24.650.000;24.719.999;24.150.000;24.209.999;24.209.999;48470100
27/2/2019;24.110.001;24.230.000;23.209.999;23.480.000;23.480.000;62649300
28/2/2019;23.209.999;23.670.000;23.110.001;23.530.001;23.530.001;39384900
1/3/2019;23.969.999;24.190.001;23.450.001;23.680.000;23.680.000;48084000
4/3/2019;23.889.999;24.129.999;23.010.000;23.370.001;23.370.001;48147700
5/3/2019;23.340.000;23.680.000;23.010.000;23.500.000;23.500.000;35462600
6/3/2019;23.469.999;23.530.001;22.400.000;22.410.000;22.410.000;60479400
7/3/2019;22.330.000;22.410.000;21.730.000;22.080.000;22.080.000;52186300
8/3/2019;21.350.000;22.090.000;21.040.001;22.010.000;22.010.000;49967700
11/3/2019;22.150.000;23.080.000;21.980.000;22.959.999;22.959.999;54420200
12/3/2019;23.100.000;23.799.999;22.780.001;23.490.000;23.490.000;56410600
13/3/2019;23.660.000;24.150.000;23.350.000;23.379.999;23.379.999;56705800
14/3/2019;23.370.001;23.490.000;22.799.999;22.820.000;22.820.000;42818600
15/3/2019;23.100.000;23.650.000;23.010.000;23.290.001;23.290.001;46519900
18/3/2019;23.299.999;23.620.001;23.040.001;23.250.000;23.250.000;34731800
19/3/2019;23.600.000;26.080.000;23.590.000;26.000.000;26.000.000;156052200
20/3/2019;26.490.000;26.879.999;25.309.999;25.700.001;25.700.001;151292100
21/3/2019;25.780.001;28.110.001;25.709.999;27.889.999;27.889.999;129610300
22/3/2019;27.540.001;27.750.000;26.330.000;26.370.001;26.370.001;115323300
25/3/2019;26.290.001;26.990.000;25.540.001;25.969.999;25.969.999;78438200
26/3/2019;26.690.001;26.980.000;25.459.999;25.690.001;25.690.001;75754100
27/3/2019;25.700.001;25.879.999;24.549.999;24.889.999;24.889.999;88585300
28/3/2019;25.100.000;25.559.999;24.650.000;25.059.999;25.059.999;64667500
29/3/2019;25.580.000;25.730.000;25.250.000;25.520.000;25.520.000;53502800
1/4/2019;26.420.000;26.559.999;25.830.000;26.360.001;26.360.001;63000300
2/4/2019;26.510.000;26.799.999;26.090.000;26.750.000;26.750.000;53358800
3/4/2019;28.020.000;29.950.001;27.879.999;29.020.000;29.020.000;197650500
4/4/2019;28.879.999;29.389.999;28.610.001;29.090.000;29.090.000;82191100
5/4/2019;29.639.999;29.690.001;28.799.999;28.980.000;28.980.000;65662700
8/4/2019;28.690.001;28.950.001;28.180.000;28.530.001;28.530.001;58002500
9/4/2019;28.240.000;28.379.999;27.190.001;27.240.000;27.240.000;75539800
10/4/2019;27.459.999;28.120.001;27.320.000;27.830.000;27.830.000;64368100
11/4/2019;27.809.999;28.049.999;27.459.999;27.790.001;27.790.001;44801200
12/4/2019;28.209.999;28.379.999;27.660.000;27.850.000;27.850.000;41048800
15/4/2019;27.799.999;27.840.000;26.959.999;27.330.000;27.330.000;40812500
16/4/2019;27.719.999;28.180.000;27.490.000;27.930.000;27.930.000;47340100
17/4/2019;28.209.999;28.270.000;27.219.999;27.490.000;27.490.000;48240800
18/4/2019;27.600.000;27.879.999;27.340.000;27.680.000;27.680.000;39880900
22/4/2019;27.620.001;28.230.000;27.389.999;28.180.000;28.180.000;36477300
23/4/2019;28.180.000;28.490.000;27.790.001;27.969.999;27.969.999;41777500
24/4/2019;28.100.000;28.850.000;27.930.000;28.459.999;28.459.999;51784700
25/4/2019;28.670.000;28.860.001;27.360.001;27.660.000;27.660.000;57329700
26/4/2019;27.660.000;27.900.000;27.049.999;27.879.999;27.879.999;48827900
29/4/2019;27.900.000;28.139.999;27.500.000;27.690.001;27.690.001;44532700
30/4/2019;27.590.000;27.799.999;26.940.001;27.629.999;27.629.999;73165900
1/5/2019;28.950.001;29.150.000;26.780.001;26.809.999;26.809.999;136066900
2/5/2019;26.940.001;28.639.999;26.610.001;28.290.001;28.290.001;100514800
3/5/2019;28.299.999;28.420.000;27.660.000;28.219.999;28.219.999;55503100
6/5/2019;26.719.999;27.500.000;26.450.001;27.420.000;27.420.000;70344100
7/5/2019;27.200.001;27.350.000;26.209.999;26.660.000;26.660.000;75868800
8/5/2019;26.410.000;27.709.999;26.270.000;27.090.000;27.090.000;65967500
9/5/2019;26.700.001;27.379.999;26.030.001;27.209.999;27.209.999;73150900
10/5/2019;27.030.001;28.100.000;26.930.000;27.959.999;27.959.999;82930100
13/5/2019;26.980.000;27.230.000;26.100.000;26.240.000;26.240.000;99017900
14/5/2019;26.530.001;27.480.000;26.150.000;27.320.000;27.320.000;82980400
15/5/2019;26.870.001;27.790.001;26.730.000;27.580.000;27.580.000;55689900
16/5/2019;27.370.001;28.370.001;27.270.000;28.010.000;28.010.000;67330100
17/5/2019;27.690.001;28.459.999;27.400.000;27.500.000;27.500.000;65385400
20/5/2019;26.980.000;27.240.000;26.490.000;26.680.000;26.680.000;69757400
21/5/2019;27.180.000;27.370.001;26.930.000;27.350.000;27.350.000;46079200
22/5/2019;27.120.001;27.590.000;27.070.000;27.410.000;27.410.000;40035300
23/5/2019;26.990.000;27.100.000;26.030.001;26.360.001;26.360.001;67809200
24/5/2019;26.610.001;26.930.000;26.400.000;26.440.001;26.440.001;39835800
28/5/2019;27.270.000;29.670.000;27.059.999;29.049.999;29.049.999;146949600
29/5/2019;29.000.000;29.320.000;27.730.000;28.090.000;28.090.000;99969600
30/5/2019;28.400.000;28.559.999;27.600.000;28.030.001;28.030.001;65289100
31/5/2019;27.570.000;28.360.001;27.400.000;27.410.000;27.410.000;68667800
3/6/2019;28.750.000;29.620.001;27.290.001;27.580.000;27.580.000;147532200
4/6/2019;28.389.999;29.590.000;27.910.000;29.570.000;29.570.000;107549500
5/6/2019;29.930.000;29.990.000;29.030.001;29.500.000;29.500.000;79481500
6/6/2019;29.870.001;31.980.000;29.840.000;31.820.000;31.820.000;131267800
7/6/2019;31.940.001;32.599.998;31.570.000;32.410.000;32.410.000;86841100
10/6/2019;33.529.999;34.299.999;33.080.002;33.230.000;33.230.000;97668800
11/6/2019;33.430.000;33.490.002;31.820.000;32.410.000;32.410.000;82834900
12/6/2019;32.000.000;32.570.000;31.920.000;32.180.000;32.180.000;56194100
13/6/2019;32.389.999;32.500.000;31.059.999;31.389.999;31.389.999;63556000
14/6/2019;30.700.001;30.959.999;30.020.000;30.360.001;30.360.001;70373000
17/6/2019;30.250.000;30.450.001;29.180.000;29.200.001;29.200.001;70865700
18/6/2019;29.760.000;30.969.999;29.580.000;30.450.001;30.450.001;86444500
19/6/2019;30.670.000;30.790.001;30.059.999;30.500.000;30.500.000;63233900
20/6/2019;31.240.000;31.360.001;29.840.000;30.010.000;30.010.000;72418200
21/6/2019;29.650.000;30.350.000;28.969.999;29.100.000;29.100.000;81861300
24/6/2019;29.320.000;29.400.000;28.670.000;29.260.000;29.260.000;55724800
25/6/2019;29.260.000;29.719.999;28.799.999;28.860.001;28.860.001;53680900
26/6/2019;29.980.000;30.480.000;29.780.001;29.920.000;29.920.000;65064200
27/6/2019;30.410.000;30.959.999;30.209.999;30.740.000;30.740.000;55623300
28/6/2019;31.080.000;31.110.001;30.330.000;30.370.001;30.370.001;50090900
1/7/2019;31.790.001;32.040.001;30.870.001;31.200.001;31.200.001;60525500
2/7/2019;30.959.999;31.260.000;30.730.000;31.240.000;31.240.000;37721700
3/7/2019;31.129.999;31.330.000;30.740.000;31.190.001;31.190.001;23462000
5/7/2019;30.879.999;31.559.999;30.750.000;31.500.000;31.500.000;34011900
8/7/2019;31.799.999;32.150.002;31.260.000;32.040.001;32.040.001;49689400
9/7/2019;31.760.000;33.180.000;30.100.000;33.150.002;33.150.002;61419800
10/7/2019;33.560.001;34.029.999;33.360.001;33.790.001;33.790.001;60388400
11/7/2019;33.910.000;34.000.000;32.759.998;33.060.001;33.060.001;63081800
12/7/2019;32.759.998;33.389.999;32.590.000;33.209.999;33.209.999;51509700
15/7/2019;33.340.000;34.549.999;33.270.000;34.389.999;34.389.999;65565200
16/7/2019;34.299.999;34.860.001;33.799.999;33.849.998;33.849.998;66912700
17/7/2019;34.009.998;34.299.999;33.490.002;33.599.998;33.599.998;42557900
18/7/2019;33.029.999;33.459.999;32.419.998;33.000.000;33.000.000;58610900
19/7/2019;33.080.002;33.349.998;32.450.001;32.509.998;32.509.998;44617700
22/7/2019;32.799.999;33.310.001;32.740.002;32.849.998;32.849.998;37777300
23/7/2019;33.169.998;33.500.000;32.930.000;33.490.002;33.490.002;38532500
24/7/2019;33.639.999;34.360.001;33.450.001;34.110.001;34.110.001;41952300
25/7/2019;34.049.999;34.250.000;33.619.999;33.669.998;33.669.998;36705600
26/7/2019;34.230.000;34.770.000;33.869.999;34.020.000;34.020.000;43502800
29/7/2019;34.139.999;34.180.000;32.980.000;33.480.000;33.480.000;45922000
30/7/2019;33.209.999;33.939.999;32.939.999;33.869.999;33.869.999;72198900
31/7/2019;32.080.002;32.299.999;30.299.999;30.450.001;30.450.001;119190000
1/8/2019;30.500.000;31.480.000;29.100.000;29.860.001;29.860.001;80878900
2/8/2019;29.480.000;29.730.000;28.940.001;29.440.001;29.440.001;60410900
5/8/2019;28.260.000;28.490.000;27.650.000;27.990.000;27.990.000;74333200
6/8/2019;28.860.001;29.049.999;28.200.001;28.860.001;28.860.001;60578400
7/8/2019;28.469.999;29.280.001;28.370.001;29.190.001;29.190.001;58577500
8/8/2019;31.530.001;34.270.000;31.480.000;33.919.998;33.919.998;167278800
9/8/2019;33.450.001;35.549.999;33.080.002;34.189.999;34.189.999;132483900
12/8/2019;34.160.000;34.650.002;32.080.002;32.430.000;32.430.000;106737000
13/8/2019;32.360.001;33.139.999;31.719.999;32.110.001;32.110.001;102009700
14/8/2019;31.000.000;31.049.999;29.510.000;30.240.000;30.240.000;127521500
15/8/2019;30.629.999;30.730.000;29.209.999;29.670.000;29.670.000;71674400
16/8/2019;30.309.999;31.480.000;30.209.999;31.180.000;31.180.000;70469800
19/8/2019;32.000.000;32.189.999;31.420.000;31.480.000;31.480.000;67596900
20/8/2019;30.940.001;31.309.999;30.450.001;30.719.999;30.719.999;47924000
21/8/2019;31.049.999;31.740.000;30.840.000;31.700.001;31.700.001;41441500
22/8/2019;31.760.000;31.920.000;30.980.000;31.900.000;31.900.000;47667900
23/8/2019;31.299.999;31.830.000;29.400.000;29.540.001;29.540.001;83681100
26/8/2019;30.340.000;30.719.999;29.940.001;30.280.001;30.280.001;50612500
27/8/2019;30.600.000;30.889.999;29.600.000;30.200.001;30.200.001;53229200
28/8/2019;29.920.000;31.180.000;29.700.001;30.780.001;30.780.001;55835900
29/8/2019;31.469.999;31.830.000;31.330.000;31.450.001;31.450.001;44422800
30/8/2019;31.600.000;31.870.001;31.129.999;31.450.001;31.450.001;40307000
3/9/2019;30.830.000;31.139.999;30.680.000;30.900.000;30.900.000;38029300
4/9/2019;31.320.000;31.830.000;30.850.000;30.950.001;30.950.001;46614600
5/9/2019;31.790.001;32.049.999;31.120.001;31.500.000;31.500.000;57861200
6/9/2019;31.500.000;31.510.000;30.480.000;30.559.999;30.559.999;51673000
9/9/2019;30.930.000;31.180.000;30.240.000;30.500.000;30.500.000;54413200
10/9/2019;30.219.999;30.379.999;29.770.000;30.230.000;30.230.000;48604800
11/9/2019;30.379.999;30.430.000;29.510.000;29.760.000;29.760.000;50631700
12/9/2019;30.080.000;30.840.000;29.950.001;30.209.999;30.209.999;53618300
13/9/2019;30.270.000;30.850.000;29.950.001;30.690.001;30.690.001;47758800
16/9/2019;30.370.001;31.150.000;30.260.000;30.830.000;30.830.000;52248500
17/9/2019;31.070.000;31.320.000;30.740.000;30.990.000;30.990.000;35011700
18/9/2019;30.750.000;30.889.999;29.879.999;30.420.000;30.420.000;47027500
19/9/2019;30.570.000;30.959.999;30.139.999;30.290.001;30.290.001;41603000
20/9/2019;30.360.001;30.469.999;29.650.000;30.049.999;30.049.999;79957400
23/9/2019;30.120.001;30.799.999;30.070.000;30.639.999;30.639.999;44366800
24/9/2019;30.540.001;30.750.000;29.290.001;29.520.000;29.520.000;72963000
25/9/2019;29.480.000;29.650.000;28.549.999;29.540.001;29.540.001;58234800
26/9/2019;29.670.000;29.770.000;29.000.000;29.469.999;29.469.999;40745400
27/9/2019;29.170.000;29.770.000;28.350.000;28.719.999;28.719.999;54091100
30/9/2019;28.889.999;29.049.999;28.360.001;28.990.000;28.990.000;37295600
1/10/2019;29.049.999;29.540.001;28.639.999;28.760.000;28.760.000;37081800
2/10/2019;28.500.000;28.850.000;28.030.001;28.309.999;28.309.999;43640700
3/10/2019;28.280.001;28.780.001;27.430.000;28.680.000;28.680.000;56325200
4/10/2019;28.830.000;29.059.999;28.280.001;29.010.000;29.010.000;34446700
7/10/2019;28.900.000;29.629.999;28.840.000;28.930.000;28.930.000;39337200
8/10/2019;28.549.999;28.639.999;27.920.000;28.230.000;28.230.000;44265700
9/10/2019;28.799.999;28.950.001;28.350.000;28.459.999;28.459.999;35661500
10/10/2019;28.520.000;28.889.999;28.000.000;28.379.999;28.379.999;40660100
11/10/2019;28.830.000;30.200.001;28.809.999;29.750.000;29.750.000;66256900
14/10/2019;29.709.999;30.610.001;29.379.999;30.530.001;30.530.001;44473700
15/10/2019;30.700.001;30.920.000;30.170.000;30.719.999;30.719.999;41600700
16/10/2019;30.600.000;31.410.000;30.530.001;30.809.999;30.809.999;42804400
17/10/2019;31.299.999;31.400.000;30.860.001;31.139.999;31.139.999;36884400
18/10/2019;31.059.999;31.330.000;30.290.001;30.969.999;30.969.999;39681700
21/10/2019;31.500.000;32.259.998;31.410.000;32.029.999;32.029.999;52182800
22/10/2019;32.060.001;32.150.002;31.500.000;31.510.000;31.510.000;36185200
23/10/2019;31.090.000;31.650.000;30.830.000;31.360.001;31.360.001;26582200
24/10/2019;31.580.000;31.860.001;31.340.000;31.719.999;31.719.999;27808000
25/10/2019;31.900.000;32.860.001;31.830.000;32.709.999;32.709.999;45368800
28/10/2019;33.160.000;33.910.000;33.150.002;33.689.999;33.689.999;51223600
29/10/2019;33.730.000;33.900.002;32.700.001;33.029.999;33.029.999;78700100
30/10/2019;32.930.000;33.340.000;32.029.999;33.130.001;33.130.001;78228800
31/10/2019;32.980.000;34.340.000;32.820.000;33.930.000;33.930.000;67881600
1/11/2019;34.369.999;35.000.000;34.099.998;34.889.999;34.889.999;64238600
4/11/2019;35.189.999;36.450.001;34.759.998;36.290.001;36.290.001;83343800
5/11/2019;36.560.001;37.180.000;35.980.000;36.150.002;36.150.002;84848600
6/11/2019;36.060.001;36.480.000;35.520.000;35.930.000;35.930.000;51675100
7/11/2019;36.520.000;36.990.002;36.029.999;36.279.999;36.279.999;54350200
8/11/2019;36.060.001;36.580.002;36.000.000;36.290.001;36.290.001;39353900
11/11/2019;35.959.999;36.660.000;35.580.002;36.310.001;36.310.001;43511100
12/11/2019;36.430.000;37.130.001;36.400.002;36.709.999;36.709.999;58664500
13/11/2019;36.650.002;37.959.999;36.580.002;37.520.000;37.520.000;67648300
14/11/2019;37.509.998;38.500.000;37.360.001;38.349.998;38.349.998;65829500
15/11/2019;38.939.999;39.369.999;38.340.000;38.560.001;38.560.001;62958500
18/11/2019;38.650.002;39.990.002;38.599.998;39.880.001;39.880.001;66102800
19/11/2019;40.139.999;41.790.001;39.689.999;41.290.001;41.290.001;94373000
20/11/2019;40.959.999;41.750.000;40.070.000;40.980.000;40.980.000;79767900
21/11/2019;40.419.998;40.709.999;38.639.999;39.520.000;39.520.000;88069400
22/11/2019;39.360.001;39.889.999;38.189.999;39.150.002;39.150.002;56931900
25/11/2019;39.500.000;40.169.998;39.490.002;39.790.001;39.790.001;45769500
26/11/2019;39.299.999;39.480.000;38.810.001;38.990.002;38.990.002;43603300
27/11/2019;39.459.999;39.759.998;39.070.000;39.410.000;39.410.000;33630100
29/11/2019;39.099.998;39.520.000;39.020.000;39.150.002;39.150.002;17609900
2/12/2019;39.320.000;39.410.000;38.439.999;38.730.000;38.730.000;35710200
3/12/2019;37.340.000;38.930.000;37.150.002;38.900.002;38.900.002;51556400
4/12/2019;39.380.001;39.820.000;39.130.001;39.689.999;39.689.999;44299400
5/12/2019;39.950.001;40.220.001;39.549.999;39.619.999;39.619.999;35574000
6/12/2019;40.099.998;40.189.999;39.560.001;39.630.001;39.630.001;31101400
9/12/2019;39.459.999;39.840.000;38.910.000;38.930.000;38.930.000;27928100
10/12/2019;39.200.001;39.730.000;38.820.000;39.439.999;39.439.999;33733600
11/12/2019;39.439.999;39.610.001;39.040.001;39.470.001;39.470.001;31698300
12/12/2019;39.400.002;42.619.999;39.250.000;42.590.000;42.590.000;86878000
13/12/2019;42.349.998;42.950.001;41.060.001;41.150.002;41.150.002;79927800
16/12/2019;41.730.000;42.980.000;41.730.000;42.349.998;42.349.998;58824900
17/12/2019;42.509.998;43.110.001;42.150.002;42.770.000;42.770.000;44852000
18/12/2019;42.790.001;43.060.001;42.240.002;42.299.999;42.299.999;39083300
19/12/2019;42.630.001;43.340.000;42.599.998;42.830.002;42.830.002;45883000
20/12/2019;43.439.999;44.259.998;43.259.998;44.150.002;44.150.002;68104700
23/12/2019;44.580.002;45.630.001;44.389.999;45.459.999;45.459.999;55886500
24/12/2019;46.099.998;46.610.001;45.770.000;46.540.001;46.540.001;44432200
26/12/2019;46.990.002;47.310.001;45.660.000;46.630.001;46.630.001;57562800
27/12/2019;46.849.998;46.880.001;45.980.000;46.180.000;46.180.000;36581300
30/12/2019;46.139.999;46.169.998;44.660.000;45.520.000;45.520.000;41149700
31/12/2019;45.070.000;46.090.000;44.919.998;45.860.001;45.860.001;31673200
2/1/2020;46.860.001;49.250.000;46.630.001;49.099.998;49.099.998;80331100
3/1/2020;48.029.999;49.389.999;47.540.001;48.599.998;48.599.998;73127400
6/1/2020;48.020.000;48.860.001;47.860.001;48.389.999;48.389.999;47934900
7/1/2020;49.349.998;49.389.999;48.040.001;48.250.000;48.250.000;58061400
8/1/2020;47.849.998;48.299.999;47.139.999;47.830.002;47.830.002;53767000
9/1/2020;48.939.999;49.959.999;48.389.999;48.970.001;48.970.001;76512800
10/1/2020;49.259.998;49.290.001;48.000.000;48.169.998;48.169.998;44133700
13/1/2020;48.660.000;48.860.001;48.240.002;48.750.000;48.750.000;34266800
14/1/2020;48.639.999;49.040.001;47.910.000;48.209.999;48.209.999;38563200
15/1/2020;48.230.000;49.080.002;48.119.999;48.549.999;48.549.999;40199900
16/1/2020;49.169.998;50.310.001;48.990.002;49.770.000;49.770.000;58898900
17/1/2020;50.200.001;51.049.999;49.900.002;50.930.000;50.930.000;57722500
21/1/2020;50.959.999;51.810.001;50.700.001;51.049.999;51.049.999;49095000
22/1/2020;51.630.001;51.880.001;51.200.001;51.430.000;51.430.000;40772200
23/1/2020;51.340.000;51.750.000;50.740.002;51.709.999;51.709.999;40135400
24/1/2020;52.279.999;52.810.001;49.470.001;50.349.998;50.349.998;80004900
27/1/2020;48.450.001;49.790.001;47.900.002;49.259.998;49.259.998;48878600
28/1/2020;50.029.999;50.849.998;49.480.000;50.529.999;50.529.999;62343800
29/1/2020;47.840.000;48.070.000;46.099.998;47.509.998;47.509.998;112349900
30/1/2020;46.490.002;48.810.001;46.130.001;48.779.999;48.779.999;70460200
31/1/2020;48.400.002;48.580.002;46.790.001;47.000.000;47.000.000;60322400
3/2/2020;46.400.002;48.099.998;46.230.000;48.020.000;48.020.000;47077000
4/2/2020;49.209.999;49.750.000;48.610.001;49.450.001;49.450.001;46302100
5/2/2020;50.290.001;50.419.998;49.310.001;49.840.000;49.840.000;42737100
6/2/2020;48.799.999;49.389.999;47.630.001;49.320.000;49.320.000;48670600
7/2/2020;48.910.000;50.669.998;48.639.999;49.730.000;49.730.000;53107600
10/2/2020;49.470.001;52.299.999;49.349.998;52.259.998;52.259.998;60971700
11/2/2020;53.220.001;54.480.000;52.910.000;53.799.999;53.799.999;74719100
12/2/2020;54.529.999;54.849.998;53.529.999;53.889.999;53.889.999;45994900
13/2/2020;53.430.000;55.029.999;53.340.000;54.529.999;54.529.999;51640000
14/2/2020;55.189.999;55.400.002;54.560.001;55.310.001;55.310.001;52365400
18/2/2020;54.939.999;58.130.001;54.840.000;56.889.999;56.889.999;70133200
19/2/2020;57.990.002;59.270.000;57.509.998;58.900.002;58.900.002;58597300
20/2/2020;58.439.999;59.020.000;56.150.002;57.270.000;57.270.000;74203400
21/2/2020;56.709.999;56.799.999;52.889.999;53.279.999;53.279.999;88271100
24/2/2020;48.180.000;50.279.999;47.490.002;49.119.999;49.119.999;86624100
25/2/2020;51.139.999;51.240.002;47.119.999;47.570.000;47.570.000;88699400
26/2/2020;47.700.001;49.290.001;47.070.000;47.490.002;47.490.002;86378400
27/2/2020;45.380.001;46.240.002;42.209.999;44.009.998;44.009.998;106416200
28/2/2020;41.360.001;46.150.002;41.040.001;45.480.000;45.480.000;100667700
2/3/2020;47.419.998;47.680.000;44.660.000;47.459.999;47.459.999;102324700
3/3/2020;49.029.999;50.200.001;45.669.998;46.750.000;46.750.000;141972300
4/3/2020;48.250.000;50.139.999;47.209.999;50.110.001;50.110.001;93311800
5/3/2020;48.680.000;49.720.001;47.509.998;48.110.001;48.110.001;98302700
6/3/2020;49.439.999;49.540.001;46.740.002;48.590.000;48.590.000;124590900
9/3/2020;43.029.999;46.340.000;42.509.998;43.270.000;43.270.000;80859800
10/3/2020;45.410.000;45.439.999;43.099.998;45.380.001;45.380.001;76228200
11/3/2020;44.189.999;45.970.001;43.799.999;45.700.001;45.700.001;101601100
12/3/2020;42.000.000;42.500.000;39.000.000;39.009.998;39.009.998;107461500
13/3/2020;42.200.001;43.910.000;39.599.998;43.900.002;43.900.002;86689700
16/3/2020;39.080.002;43.369.999;38.509.998;38.709.999;38.709.999;84545900
17/3/2020;40.189.999;42.880.001;38.299.999;41.880.001;41.880.001;92741900
18/3/2020;39.540.001;41.950.001;36.750.000;39.119.999;39.119.999;106949300
19/3/2020;39.560.001;41.700.001;37.689.999;39.820.000;39.820.000;88939000
20/3/2020;41.509.998;42.480.000;39.580.002;39.610.001;39.610.001;106859500
23/3/2020;40.619.999;42.320.000;38.950.001;41.639.999;41.639.999;101704700
24/3/2020;44.040.001;46.810.001;43.990.002;46.220.001;46.220.001;106794200
25/3/2020;46.790.001;47.880.001;44.430.000;44.630.001;44.630.001;93760400
26/3/2020;45.779.999;47.500.000;45.400.002;47.500.000;47.500.000;73680200
27/3/2020;46.320.000;47.980.000;45.900.002;46.580.002;46.580.002;74599200
30/3/2020;47.240.002;48.459.999;46.660.000;47.860.001;47.860.001;68486600
31/3/2020;47.930.000;48.529.999;45.160.000;45.480.000;45.480.000;83483700
1/4/2020;44.180.000;46.849.998;43.160.000;43.660.000;43.660.000;92083100
2/4/2020;43.400.002;45.279.999;43.099.998;44.490.002;44.490.002;79024100
3/4/2020;44.299.999;44.840.000;41.700.001;42.590.000;42.590.000;79335000
6/4/2020;44.299.999;47.580.002;44.060.001;47.520.000;47.520.000;82294000
7/4/2020;48.959.999;49.650.002;46.680.000;47.560.001;47.560.001;102098700
8/4/2020;48.070.000;49.000.000;47.610.001;48.790.001;48.790.001;64930800
9/4/2020;49.650.002;50.250.000;47.720.001;48.380.001;48.380.001;80357400
13/4/2020;48.470.001;51.070.000;48.230.000;50.939.999;50.939.999;64290100
14/4/2020;52.240.002;55.139.999;52.110.001;54.930.000;54.930.000;85306800
15/4/2020;53.730.000;55.570.000;53.410.000;54.990.002;54.990.002;83814000
16/4/2020;55.959.999;58.080.002;55.630.001;56.950.001;56.950.001;103106500
17/4/2020;57.349.998;57.759.998;55.549.999;56.599.998;56.599.998;76908800
20/4/2020;55.980.000;58.630.001;55.849.998;56.970.001;56.970.001;72367300
21/4/2020;56.900.002;57.730.000;51.410.000;52.919.998;52.919.998;123906400
22/4/2020;54.910.000;56.150.002;54.340.000;55.919.998;55.919.998;63164100
23/4/2020;56.650.002;57.290.001;55.639.999;55.900.002;55.900.002;69662700
24/4/2020;55.099.998;56.779.999;54.419.998;56.180.000;56.180.000;72854800
27/4/2020;57.439.999;58.000.000;56.250.000;56.490.002;56.490.002;62568100
28/4/2020;57.160.000;57.349.998;55.299.999;55.509.998;55.509.998;80501800
29/4/2020;54.529.999;54.860.001;52.740.002;53.660.000;53.660.000;110800900
30/4/2020;53.430.000;54.290.001;52.029.999;52.389.999;52.389.999;65543900
1/5/2020;51.070.000;51.950.001;49.090.000;49.880.001;49.880.001;69562700
4/5/2020;49.820.000;52.610.001;49.730.000;52.560.001;52.560.001;62590600
5/5/2020;53.430.000;53.509.998;51.290.001;52.189.999;52.189.999;56560500
6/5/2020;52.419.998;53.310.001;51.880.001;52.160.000;52.160.000;48138100
7/5/2020;52.930.000;52.970.001;51.619.999;51.950.001;51.950.001;48956600
8/5/2020;52.150.002;53.270.000;51.810.001;53.189.999;53.189.999;40774200
11/5/2020;52.900.002;55.889.999;52.750.000;55.740.002;55.740.002;68574000
12/5/2020;56.209.999;56.580.002;53.750.000;53.759.998;53.759.998;55631100
13/5/2020;54.040.001;55.220.001;51.299.999;52.180.000;52.180.000;76824700
14/5/2020;52.099.998;54.540.001;51.610.001;54.509.998;54.509.998;73814000
15/5/2020;53.320.000;54.439.999;52.860.001;54.200.001;54.200.001;66950900
18/5/2020;54.980.000;55.250.000;54.240.002;54.590.000;54.590.000;48679100
19/5/2020;54.389.999;56.730.000;54.360.001;55.470.001;55.470.001;60388500
20/5/2020;56.549.999;56.980.000;55.630.001;56.389.999;56.389.999;50888200
21/5/2020;56.680.000;56.720.001;54.610.001;54.650.002;54.650.002;48496100
22/5/2020;54.770.000;55.369.999;53.779.999;55.169.998;55.169.998;43524100
26/5/2020;56.009.998;56.080.002;53.020.000;53.189.999;53.189.999;51618900
27/5/2020;53.270.000;53.279.999;49.090.000;52.740.002;52.740.002;102414500
28/5/2020;52.250.000;53.540.001;51.250.000;51.740.002;51.740.002;53670200
29/5/2020;52.070.000;53.799.999;51.849.998;53.799.999;53.799.999;64948300
1/6/2020;53.310.001;54.110.001;52.889.999;53.630.001;53.630.001;36864400
2/6/2020;53.450.001;53.570.000;52.009.998;53.540.001;53.540.001;42855200
3/6/2020;53.599.998;53.650.002;52.330.002;52.730.000;52.730.000;46765300
4/6/2020;52.590.000;53.740.002;52.200.001;52.630.001;52.630.001;44869100
5/6/2020;52.990.002;53.570.000;52.080.002;53.099.998;53.099.998;53908300
8/6/2020;53.299.999;53.349.998;52.259.998;52.970.001;52.970.001;39681700
9/6/2020;52.950.001;56.459.999;52.720.001;56.389.999;56.389.999;79919100
10/6/2020;57.200.001;59.000.000;57.029.999;57.439.999;57.439.999;78719400
11/6/2020;55.939.999;56.680.000;52.799.999;52.830.002;52.830.002;78715400
12/6/2020;55.009.998;55.599.998;52.110.001;53.500.000;53.500.000;71096500
15/6/2020;52.580.002;54.730.000;52.410.000;54.680.000;54.680.000;56740700
16/6/2020;55.720.001;56.070.000;53.590.000;54.459.999;54.459.999;50949700
17/6/2020;54.790.001;55.820.000;54.299.999;54.549.999;54.549.999;45008100
18/6/2020;54.619.999;55.119.999;53.650.002;54.040.001;54.040.001;40354700
19/6/2020;54.410.000;55.459.999;53.820.000;54.230.000;54.230.000;52801500
22/6/2020;54.669.998;55.169.998;53.740.002;54.759.998;54.759.998;44704800
23/6/2020;55.049.999;55.369.999;53.869.999;53.990.002;53.990.002;48089000
24/6/2020;53.939.999;54.740.002;51.919.998;52.389.999;52.389.999;53535500
25/6/2020;52.560.001;52.700.001;50.540.001;51.930.000;51.930.000;51129600
26/6/2020;51.849.998;51.950.001;49.450.001;50.099.998;50.099.998;65485700
29/6/2020;50.150.002;50.279.999;48.419.998;50.279.999;50.279.999;49905800
30/6/2020;51.160.000;52.770.000;50.820.000;52.610.001;52.610.001;42275700
1/7/2020;52.630.001;52.869.999;51.599.998;52.580.002;52.580.002;32370900
2/7/2020;53.029.999;53.189.999;52.049.999;52.340.000;52.340.000;29081400
6/7/2020;52.900.002;53.520.000;52.330.002;53.400.002;53.400.002;36769400
7/7/2020;53.279.999;54.169.998;52.860.001;52.930.000;52.930.000;32153100
8/7/2020;53.009.998;53.470.001;52.070.000;53.430.000;53.430.000;35608300
9/7/2020;53.520.000;57.580.002;53.310.001;57.259.998;57.259.998;87216300
10/7/2020;57.540.001;58.150.002;55.509.998;55.880.001;55.880.001;59839700
13/7/2020;56.680.000;58.349.998;53.380.001;53.590.000;53.590.000;57741800
14/7/2020;53.299.999;54.860.001;52.259.998;54.720.001;54.720.001;54890100
15/7/2020;54.959.999;55.369.999;53.590.000;55.340.000;55.340.000;42360300
16/7/2020;54.680.000;55.150.002;53.740.002;54.919.998;54.919.998;36887100
17/7/2020;55.310.001;55.810.001;54.680.000;55.040.001;55.040.001;34710400
20/7/2020;55.230.000;57.529.999;54.830.002;57.459.999;57.459.999;45034300
21/7/2020;57.810.001;58.500.000;56.320.000;57.000.000;57.000.000;44800700
22/7/2020;57.070.000;62.000.000;56.970.001;61.790.001;61.790.001;135159400
23/7/2020;61.630.001;62.330.002;58.630.001;59.570.000;59.570.000;106829100
24/7/2020;64.180.000;69.940.002;64.050.003;69.400.002;69.400.002;205314500
27/7/2020;69.279.999;71.629.997;67.790.001;68.970.001;68.970.001;107918100
28/7/2020;68.099.998;69.800.003;67.019.997;67.610.001;67.610.001;94181400
29/7/2020;75.500.000;77.190.002;73.900.002;76.089.996;76.089.996;132969700
30/7/2020;75.370.003;78.959.999;75.070.000;78.199.997;78.199.997;80286900
31/7/2020;78.669.998;78.959.999;75.360.001;77.430.000;77.430.000;71699700
3/8/2020;78.190.002;78.500.000;77.059.998;77.669.998;77.669.998;42628800
4/8/2020;78.029.999;85.809.998;77.989.998;85.040.001;85.040.001;155676100
5/8/2020;84.959.999;86.320.000;83.320.000;85.309.998;85.309.998;65737300
6/8/2020;85.489.998;86.980.003;84.779.999;86.709.999;86.709.999;53961700
7/8/2020;86.669.998;87.290.001;82.669.998;84.849.998;84.849.998;66498000
10/8/2020;85.050.003;85.160.004;79.320.000;82.239.998;82.239.998;70536100
11/8/2020;80.709.999;80.709.999;76.099.998;76.879.997;76.879.997;77877700
12/8/2020;78.430.000;82.879.997;77.550.003;82.610.001;82.610.001;88607800
13/8/2020;82.879.997;84.019.997;81.540.001;81.839.996;81.839.996;57407400
14/8/2020;81.809.998;83.239.998;80.879.997;81.300.003;81.300.003;42389500
17/8/2020;82.089.996;83.059.998;81.550.003;82.419.998;82.419.998;31450200
18/8/2020;82.800.003;82.879.997;81.029.999;81.660.004;81.660.004;30970500
19/8/2020;81.779.999;81.849.998;80.449.997;81.089.996;81.089.996;37507400
20/8/2020;79.739.998;82.839.996;79.120.003;82.769.997;82.769.997;42948900
21/8/2020;83.290.001;84.410.004;82.230.003;83.809.998;83.809.998;48280300
24/8/2020;84.550.003;85.330.002;82.550.003;83.080.002;83.080.002;38036100
25/8/2020;83.360.001;86.620.003;82.349.998;86.349.998;86.349.998;49234400
26/8/2020;86.970.001;87.720.001;85.199.997;86.019.997;86.019.997;47157300
27/8/2020;86.349.998;86.580.002;82.940.002;83.800.003;83.800.003;42194200
28/8/2020;84.300.003;86.040.001;84.190.002;85.550.003;85.550.003;40723300
31/8/2020;85.050.003;92.639.999;85.050.003;90.820.000;90.820.000;90655900
1/9/2020;91.919.998;92.510.002;90.190.002;92.180.000;92.180.000;56117100
2/9/2020;94.010.002;94.279.999;88.739.998;90.220.001;90.220.001;50366900
3/9/2020;87.839.996;88.470.001;81.589.996;82.540.001;82.540.001;87462700
4/9/2020;81.449.997;84.389.999;76.330.002;82.010.002;82.010.002;82267800
8/9/2020;78.050.003;81.879.997;78.000.000;78.690.002;78.690.002;54955700
9/9/2020;81.400.002;82.440.002;79.279.999;81.910.004;81.910.004;54163900
10/9/2020;83.070.000;83.309.998;78.379.997;78.980.003;78.980.003;51499400
11/9/2020;79.820.000;79.989.998;75.040.001;76.339.996;76.339.996;54763000
14/9/2020;76.800.003;78.820.000;76.260.002;77.900.002;77.900.002;47448700
15/9/2020;77.660.004;80.330.002;75.970.001;78.930.000;78.930.000;57874400
16/9/2020;79.349.998;79.720.001;76.540.001;76.660.004;76.660.004;38393500
17/9/2020;74.879.997;76.629.997;74.199.997;76.550.003;76.550.003;55619100
18/9/2020;77.000.000;77.400.002;73.849.998;74.930.000;74.930.000;51082900
21/9/2020;74.230.003;77.980.003;73.879.997;77.940.002;77.940.002;61312000
22/9/2020;78.360.001;78.790.001;75.269.997;77.699.997;77.699.997;56044700
23/9/2020;77.389.999;77.910.004;74.339.996;74.730.003;74.730.003;42327500
24/9/2020;74.540.001;77.250.000;73.900.002;75.820.000;75.820.000;57540900
25/9/2020;76.349.998;78.199.997;74.669.998;78.059.998;78.059.998;48206200
28/9/2020;79.120.003;79.570.000;77.519.997;79.480.003;79.480.003;48005500
29/9/2020;79.300.003;82.550.003;79.300.003;81.769.997;81.769.997;61568900
30/9/2020;81.750.000;82.940.002;80.660.004;81.989.998;81.989.998;51479700
1/10/2020;83.059.998;85.250.000;82.860.001;84.860.001;84.860.001;52177100
2/10/2020;82.580.002;84.650.002;81.660.004;81.800.003;81.800.003;52855100
5/10/2020;82.550.003;86.279.999;82.550.003;86.150.002;86.150.002;47056500
6/10/2020;86.209.999;87.250.000;83.540.001;84.480.003;84.480.003;52725400
7/10/2020;86.099.998;87.790.001;85.650.002;86.690.002;86.690.002;43045700
8/10/2020;88.110.001;88.720.001;85.949.997;86.510.002;86.510.002;54240700
9/10/2020;84.739.998;85.750.000;82.349.998;83.099.998;83.099.998;80354400
12/10/2020;83.650.002;85.129.997;83.120.003;84.290.001;84.290.001;47669700
13/10/2020;84.860.001;86.089.996;83.970.001;85.279.999;85.279.999;42764100
14/10/2020;85.860.001;85.959.999;83.459.999;84.209.999;84.209.999;40446700
15/10/2020;83.400.002;84.720.001;82.419.998;83.129.997;83.129.997;33696400
16/10/2020;83.540.001;83.989.998;82.410.004;83.169.998;83.169.998;31474300
19/10/2020;83.620.003;84.650.002;81.529.999;82.000.000;82.000.000;36689100
20/10/2020;82.160.004;82.690.002;80.580.002;81.559.998;81.559.998;38219400
21/10/2020;81.720.001;81.930.000;79.190.002;79.199.997;79.199.997;36426400
22/10/2020;79.650.002;80.820.000;78.419.998;79.419.998;79.419.998;38006800
23/10/2020;80.930.000;81.989.998;79.330.002;81.959.999;81.959.999;46557700
26/10/2020;82.550.003;84.970.001;80.860.001;82.230.003;82.230.003;69423700
27/10/2020;82.000.000;82.370.003;77.570.000;78.879.997;78.879.997;156669500
28/10/2020;78.730.003;78.959.999;75.760.002;76.400.002;76.400.002;76529900
29/10/2020;76.750.000;79.180.000;76.290.001;78.019.997;78.019.997;52784100
